product_a,commodity_a,dept_a,product_b,commodity_b,dept_b,co_basket_count,support,confidence_a_to_b,confidence_b_to_a,lift
824555,PWDR/CRYSTL DRNK MX,GROCERY,951526,PWDR/CRYSTL DRNK MX,GROCERY,328,0.001186325429319599,0.48520710059171596,0.4243208279430789,173.5472186287193
951526,PWDR/CRYSTL DRNK MX,GROCERY,989075,PWDR/CRYSTL DRNK MX,GROCERY,352,0.001273129729025911,0.4553686934023286,0.45714285714285713,163.5092958787655
1050131,PWDR/CRYSTL DRNK MX,GROCERY,1053763,PWDR/CRYSTL DRNK MX,GROCERY,297,0.0010742032088656124,0.522887323943662,0.31798715203426126,154.78584461802936
900491,PWDR/CRYSTL DRNK MX,GROCERY,1053763,PWDR/CRYSTL DRNK MX,GROCERY,300,0.0010850537463289016,0.5076142131979695,0.32119914346895073,150.2646767899651
989075,PWDR/CRYSTL DRNK MX,GROCERY,1053763,PWDR/CRYSTL DRNK MX,GROCERY,377,0.0013635508745533196,0.4896103896103896,0.40364025695931477,144.93515948719374
951526,PWDR/CRYSTL DRNK MX,GROCERY,1053763,PWDR/CRYSTL DRNK MX,GROCERY,369,0.0013346161079845489,0.47736093143596375,0.3950749464668094,141.30905756653215
824555,PWDR/CRYSTL DRNK MX,GROCERY,1053763,PWDR/CRYSTL DRNK MX,GROCERY,303,0.0010959042837921905,0.44822485207100593,0.32441113490364026,132.68415417558884
833715,SOUP,GROCERY,1003421,SOUP,GROCERY,284,0.0010271842131913602,0.2646784715750233,0.46405228758169936,119.57412178913194
1021164,COUPON/MISC ITEMS,MISC SALES TRAN,5978648, , ,299,0.0010814369005078051,0.906060606060606,0.10429019881409138,87.37748887550073
892008,MEAT - SHELF STABLE,GROCERY,930917,MEAT - SHELF STABLE,GROCERY,284,0.0010271842131913602,0.3141592920353982,0.23946037099494097,73.23778895372264
985119,REFRGRATD JUICES/DRNKS,GROCERY,1033615,REFRGRATD JUICES/DRNKS,GROCERY,306,0.0011067548212554796,0.3241525423728814,0.22955738934733683,67.23405215710707
938700,VEGETABLES - SHELF STABLE,GROCERY,1030819,VEGETABLES - SHELF STABLE,GROCERY,390,0.0014105698702275718,0.17988929889298894,0.4229934924078091,53.944157174760456
1022003,SOUP,GROCERY,1050229,SOUP,GROCERY,387,0.001399719332764283,0.22447795823665892,0.3061708860759494,49.10171187112691
1013321,VEGETABLES - SHELF STABLE,GROCERY,1030819,VEGETABLES - SHELF STABLE,GROCERY,278,0.001005483138264782,0.1463928383359663,0.30151843817787416,43.899433312886444
8090509,SOFT DRINKS,GROCERY,8090521,SOFT DRINKS,GROCERY,299,0.0010814369005078051,0.39707835325365204,0.11794871794871795,43.30801239486498
938700,VEGETABLES - SHELF STABLE,GROCERY,1013321,VEGETABLES - SHELF STABLE,GROCERY,623,0.0022532949465430187,0.2873616236162362,0.3280674038967878,41.83827864344995
8090521,SOFT DRINKS,GROCERY,8090537,SOFT DRINKS,GROCERY,719,0.002600512145368267,0.283629191321499,0.3126086956521739,34.095188405797096
844165,SOFT DRINKS,GROCERY,1076875,SOFT DRINKS,GROCERY,280,0.0010127168299069748,0.09256198347107437,0.3341288782816229,30.539269019112805
903325,BROCCOLI/CAULIFLOWER,PRODUCE,1117514,BROCCOLI/CAULIFLOWER,PRODUCE,307,0.0011103716670765758,0.11003584229390681,0.29154795821462487,28.891880171689014
844165,SOFT DRINKS,GROCERY,1092026,SOFT DRINKS,GROCERY,655,0.0023690340128181015,0.21652892561983472,0.28075439348478354,25.66085875313947
5569230,SOFT DRINKS,GROCERY,5569845,SOFT DRINKS,GROCERY,549,0.0019856483557818896,0.1135705419942077,0.43536875495638383,24.901219454977415
916381,SOFT DRINKS,GROCERY,1053690,SOFT DRINKS,GROCERY,391,0.0014141867160486683,0.30310077519379847,0.11520329994107248,24.691371458067817
5568378,BAG SNACKS,GROCERY,5569327,BAG SNACKS,GROCERY,339,0.0012261107333516588,0.12592867756315007,0.2357440890125174,24.212284066321274
893501,SOFT DRINKS,GROCERY,1053690,SOFT DRINKS,GROCERY,319,0.0011537738169297318,0.2582995951417004,0.09398939304655274,21.041751698042983
970030,PEPPERS-ALL,PRODUCE,995785,PEPPERS-ALL,PRODUCE,401,0.0014503551742596316,0.353927625772286,0.07750289911093931,18.912896344032614
826249,BAKED BREAD/BUNS/ROLLS,GROCERY,1098066,BAKED BREAD/BUNS/ROLLS,GROCERY,1546,0.005591643639414939,0.2808356039963669,0.30674603174603177,15.406061733200698
910032,HOT DOGS,MEAT-PCKGD,1098066,BAKED BREAD/BUNS/ROLLS,GROCERY,441,0.001595029007103485,0.25028376844494893,0.0875,13.730051078320091
5569230,SOFT DRINKS,GROCERY,5569471,SOFT DRINKS,GROCERY,522,0.0018879935186122887,0.10798510550268929,0.235029266096353,13.442662723910649
845208,ONIONS,PRODUCE,899624,POTATOES,PRODUCE,321,0.0011610075085719245,0.11792799412196914,0.12374710871241326,12.569469362690254
1062966,HOT DOGS,MEAT-PCKGD,1098066,BAKED BREAD/BUNS/ROLLS,GROCERY,347,0.0012550454999204295,0.22430510665804784,0.06884920634920635,12.304915299453114
860776,VEGETABLES - ALL OTHERS,PRODUCE,6034857,TOMATOES,PRODUCE,482,0.001743319685768435,0.09828711256117455,0.2129916040653999,12.00831375579487
904360,VEGETABLES SALAD,PRODUCE,5585510,TOMATOES,PRODUCE,280,0.0010127168299069748,0.057459470552021344,0.1876675603217158,10.647871485325114
904360,VEGETABLES SALAD,PRODUCE,1081177,TOMATOES,PRODUCE,621,0.0022460612549008263,0.1274368971885902,0.18286219081272084,10.375224700321017
1053690,SOFT DRINKS,GROCERY,1092026,SOFT DRINKS,GROCERY,289,0.0010452684422968418,0.08515026517383618,0.12387483926275182,10.091164130442744
961554,CARROTS,PRODUCE,962568,VEGETABLES - ALL OTHERS,PRODUCE,531,0.0019205451310021556,0.1104868913857678,0.169594378792718,9.756581819834755
860776,VEGETABLES - ALL OTHERS,PRODUCE,995785,PEPPERS-ALL,PRODUCE,892,0.0032262264724179338,0.18189233278955955,0.1724004638577503,9.719814406453148
833025,MILK BY-PRODUCTS,GROCERY,859075,CHEESE,GROCERY,318,0.0011501569711086356,0.11747321758404138,0.0912743972445465,9.322464147676836
903325,BROCCOLI/CAULIFLOWER,PRODUCE,961554,CARROTS,PRODUCE,451,0.0016311974653144487,0.16164874551971326,0.09384103204327923,9.299478101596423
903325,BROCCOLI/CAULIFLOWER,PRODUCE,962568,VEGETABLES - ALL OTHERS,PRODUCE,288,0.0010416515964757455,0.1032258064516129,0.09198339188757586,9.11538929127044
834484,ONIONS,PRODUCE,860776,VEGETABLES - ALL OTHERS,PRODUCE,532,0.001924161976823252,0.16111447607510598,0.10848287112561175,9.083518516139806
5978648, , ,5978656, , ,444,0.0016058795445667742,0.1548657132891524,0.09085328422344997,8.761590315743405
845208,ONIONS,PRODUCE,1004906,POTATOES,PRODUCE,309,0.0011176053587187685,0.11351947097722263,0.08576186511240633,8.71116220196126
962568,VEGETABLES - ALL OTHERS,PRODUCE,995785,PEPPERS-ALL,PRODUCE,488,0.001765020760695013,0.1558607473650591,0.09431774255894859,8.328759736080595
1024306,MELONS,PRODUCE,1127831,BERRIES,PRODUCE,406,0.0014684394033651134,0.15639445300462249,0.07702523240371846,8.203483958362748
834484,ONIONS,PRODUCE,962568,VEGETABLES - ALL OTHERS,PRODUCE,303,0.0010959042837921905,0.0917625681405209,0.0967741935483871,8.103124206248411
979707,ONIONS,PRODUCE,995785,PEPPERS-ALL,PRODUCE,414,0.0014973741699338841,0.15098468271334792,0.08001546192500966,8.06819656268212
995785,PEPPERS-ALL,PRODUCE,1033142,ONIONS,PRODUCE,354,0.0012803634206681037,0.06841901816776189,0.14743856726364016,7.878702132068088
860776,VEGETABLES - ALL OTHERS,PRODUCE,1026118,TOMATOES,PRODUCE,285,0.0010308010590124564,0.05811582381729201,0.1385512882839086,7.811422183908685
854852,TOMATOES,PRODUCE,860776,VEGETABLES - ALL OTHERS,PRODUCE,568,0.0020543684263827204,0.13813229571984437,0.11582381729200653,7.787799683891813
860776,VEGETABLES - ALL OTHERS,PRODUCE,962568,VEGETABLES - ALL OTHERS,PRODUCE,425,0.0015371594739659437,0.08666394779771615,0.13573938038965186,7.652888835165683
834484,ONIONS,PRODUCE,995785,PEPPERS-ALL,PRODUCE,465,0.0016818333068097974,0.1408237431859479,0.08987243911867028,7.525224547936534
860776,VEGETABLES - ALL OTHERS,PRODUCE,1055646,VEGETABLES SALAD,PRODUCE,282,0.0010199505215491675,0.05750407830342578,0.13289349670122527,7.492439955534578
908531,FLUID MILK PRODUCTS,GROCERY,909894,REFRGRATD JUICES/DRNKS,GROCERY,315,0.0011393064336453465,0.06264916467780429,0.13618677042801555,7.488755575779525
995785,PEPPERS-ALL,PRODUCE,1037863,VEGETABLES - ALL OTHERS,PRODUCE,280,0.0010127168299069748,0.05411673753382296,0.14007003501750875,7.484948504402956
860776,VEGETABLES - ALL OTHERS,PRODUCE,903325,BROCCOLI/CAULIFLOWER,PRODUCE,370,0.001338232953805645,0.07544861337683524,0.13261648745519714,7.476822373075597
854852,TOMATOES,PRODUCE,904360,VEGETABLES SALAD,PRODUCE,540,0.0019530967433920227,0.13132295719844359,0.11081469320746973,7.450994561472291
933835,DELI MEATS,DELI,951590,BAKED BREAD/BUNS/ROLLS,GROCERY,387,0.001399719332764283,0.16322226908477436,0.06304985337243402,7.35228834239732
845208,ONIONS,PRODUCE,995785,PEPPERS-ALL,PRODUCE,372,0.0013454666454478378,0.1366642174871418,0.07189795129493622,7.302951199790282
860776,VEGETABLES - ALL OTHERS,PRODUCE,961554,CARROTS,PRODUCE,614,0.0022207433341531516,0.12520391517128873,0.12775697045359966,7.202846292596462
910032,HOT DOGS,MEAT-PCKGD,951590,BAKED BREAD/BUNS/ROLLS,GROCERY,277,0.0010018662924436857,0.15720771850170262,0.045128706419029,7.0813650769346275
860776,VEGETABLES - ALL OTHERS,PRODUCE,904360,VEGETABLES SALAD,PRODUCE,610,0.0022062759508687663,0.12438825448613376,0.12517956084547507,7.057533788907082
860776,VEGETABLES - ALL OTHERS,PRODUCE,1081177,TOMATOES,PRODUCE,420,0.0015190752448604621,0.08564437194127243,0.12367491166077739,6.972702747883029
908531,FLUID MILK PRODUCTS,GROCERY,995242,FLUID MILK PRODUCTS,GROCERY,1560,0.005642279480910287,0.31026252983293556,0.12438207622388774,6.839628870860258
866211,GRAPES,PRODUCE,1127831,BERRIES,PRODUCE,470,0.001699917535915279,0.12817016634851378,0.08916714095996965,6.723012762796904
866211,GRAPES,PRODUCE,878996,GRAPES,PRODUCE,314,0.0011356895878242503,0.0856285792200709,0.08690838638250761,6.5527074722064995
903325,BROCCOLI/CAULIFLOWER,PRODUCE,995785,PEPPERS-ALL,PRODUCE,337,0.0012188770417094661,0.12078853046594983,0.06513335910320835,6.454599160677943
995242,FLUID MILK PRODUCTS,GROCERY,1023958,REFRGRATD JUICES/DRNKS,GROCERY,291,0.0010525021339390344,0.023202041141763673,0.282798833819242,6.234201305188909
908531,FLUID MILK PRODUCTS,GROCERY,1133018,FLUID MILK PRODUCTS,GROCERY,829,0.0029983651856888643,0.16487669053301512,0.11332877648667122,6.231820492868099
983584,FLUID MILK PRODUCTS,GROCERY,1106523,FLUID MILK PRODUCTS,GROCERY,391,0.0014141867160486683,0.21674057649667405,0.039792387543252594,6.0986466061577875
859075,CHEESE,GROCERY,1098066,BAKED BREAD/BUNS/ROLLS,GROCERY,380,0.0013744014120166085,0.10907003444316878,0.07539682539682539,5.9833570244018
909894,REFRGRATD JUICES/DRNKS,GROCERY,1133018,FLUID MILK PRODUCTS,GROCERY,365,0.0013201487247001635,0.15780371811500216,0.04989747095010253,5.96448437447823
860975,REFRGRATD JUICES/DRNKS,GROCERY,995242,FLUID MILK PRODUCTS,GROCERY,317,0.0011465401252875392,0.264828738512949,0.025275075745495135,5.838056844124876
878996,GRAPES,PRODUCE,1127831,BERRIES,PRODUCE,399,0.001443121482617439,0.11043454193191254,0.07569721115537849,5.792711798805332
826249,BAKED BREAD/BUNS/ROLLS,GROCERY,1096036,CHEESE,GROCERY,354,0.0012803634206681037,0.06430517711171663,0.11335254562920269,5.693036371615708
983584,FLUID MILK PRODUCTS,GROCERY,1029743,FLUID MILK PRODUCTS,GROCERY,530,0.0019169282851810594,0.29379157427937913,0.036729036729036726,5.629152434030483
961554,CARROTS,PRODUCE,995785,PEPPERS-ALL,PRODUCE,494,0.001786721835621591,0.10278818143986683,0.09547738693467336,5.492711162972582
854852,TOMATOES,PRODUCE,995785,PEPPERS-ALL,PRODUCE,419,0.0015154583990393657,0.10189688715953307,0.08098183223811364,5.445082904796355
883404,BAKED BREAD/BUNS/ROLLS,GROCERY,938700,VEGETABLES - SHELF STABLE,GROCERY,291,0.0010525021339390344,0.04214947856315179,0.13422509225092252,5.375302781851689
883404,BAKED BREAD/BUNS/ROLLS,GROCERY,1096036,CHEESE,GROCERY,416,0.0015046078615760768,0.06025492468134415,0.13320525136087097,5.334461285813882
995785,PEPPERS-ALL,PRODUCE,1081177,TOMATOES,PRODUCE,333,0.0012044096584250806,0.06436026285272517,0.0980565371024735,5.239865404762328
961554,CARROTS,PRODUCE,1004906,POTATOES,PRODUCE,328,0.001186325429319599,0.06824802330420308,0.09103524840410769,5.2371597211321905
901666,PEARS,PRODUCE,1082185,TROPICAL FRUIT,PRODUCE,380,0.0013744014120166085,0.5612998522895125,0.012761098797770166,5.21157997046187
1082185,TROPICAL FRUIT,PRODUCE,1098248,PEARS,PRODUCE,442,0.0015986458529245815,0.014843172812143193,0.5580808080808081,5.181691656303785
878996,GRAPES,PRODUCE,961554,CARROTS,PRODUCE,325,0.0011754748918563099,0.08995294768890119,0.06762380357885976,5.17489612751106
834484,ONIONS,PRODUCE,904360,VEGETABLES SALAD,PRODUCE,300,0.0010850537463289016,0.09085402786190187,0.0615637184485943,5.154870724270486
826249,BAKED BREAD/BUNS/ROLLS,GROCERY,844179,BEEF,MEAT,401,0.0014503551742596316,0.07284287011807447,0.10175082466379091,5.110349683259504
826249,BAKED BREAD/BUNS/ROLLS,GROCERY,1044078,BEEF,MEAT,411,0.001486523632470595,0.07465940054495913,0.10128141941843273,5.0867741991800095
826249,BAKED BREAD/BUNS/ROLLS,GROCERY,883404,BAKED BREAD/BUNS/ROLLS,GROCERY,689,0.002492006770735377,0.1251589464123524,0.09979721900347624,5.012231480282858
909894,REFRGRATD JUICES/DRNKS,GROCERY,995242,FLUID MILK PRODUCTS,GROCERY,523,0.001891610364433385,0.2261132728058798,0.0416998883750598,4.984587953951593
862349,FLUID MILK PRODUCTS,GROCERY,908531,FLUID MILK PRODUCTS,GROCERY,371,0.0013418497996267416,0.09028960817717206,0.0737867939538584,4.964922837561106
1029743,FLUID MILK PRODUCTS,GROCERY,1122358,REFRGRATD JUICES/DRNKS,GROCERY,327,0.0011827085834985025,0.022661122661122662,0.2578864353312303,4.941197032995141
968215,TROPICAL FRUIT,PRODUCE,1082185,TROPICAL FRUIT,PRODUCE,436,0.0015769447779980035,0.5317073170731708,0.014641681778494191,4.936817981518521
883404,BAKED BREAD/BUNS/ROLLS,GROCERY,1098066,BAKED BREAD/BUNS/ROLLS,GROCERY,620,0.00224244440907973,0.08980301274623406,0.12301587301587301,4.926407971454322
860776,VEGETABLES - ALL OTHERS,PRODUCE,878996,GRAPES,PRODUCE,314,0.0011356895878242503,0.06402936378466557,0.08690838638250761,4.899832443022275
866211,GRAPES,PRODUCE,961554,CARROTS,PRODUCE,309,0.0011176053587187685,0.08426506681210799,0.06429463171036205,4.847678471177458
880427,BAKED BREAD/BUNS/ROLLS,GROCERY,1082185,TROPICAL FRUIT,PRODUCE,301,0.0010886705921499978,0.5145299145299145,0.010108133521391631,4.777328527399049
901062,APPLES,PRODUCE,1082185,TROPICAL FRUIT,PRODUCE,1100,0.003978530403205972,0.5125815470643057,0.03694002283565048,4.759238244963647
879528,VALUE ADDED FRUIT,PRODUCE,1082185,TROPICAL FRUIT,PRODUCE,400,0.0014467383284385354,0.5069708491761724,0.013432735576600175,4.7071438062873545
1082185,TROPICAL FRUIT,PRODUCE,7024990,BERRIES,PRODUCE,297,0.0010742032088656124,0.00997380616562563,0.5025380710659898,4.6659861656460855
826249,BAKED BREAD/BUNS/ROLLS,GROCERY,1081177,TOMATOES,PRODUCE,315,0.0011393064336453465,0.05722070844686648,0.09275618374558305,4.658601399948007
1082185,TROPICAL FRUIT,PRODUCE,5585635,YOGURT,GROCERY,317,0.0011465401252875392,0.010645442944455638,0.4976452119309262,4.62055674576903
1062002,APPLES,PRODUCE,1082185,TROPICAL FRUIT,PRODUCE,587,0.0021230884969835506,0.4970364098221846,0.019712539458660756,4.614904114892768
904360,VEGETABLES SALAD,PRODUCE,995785,PEPPERS-ALL,PRODUCE,419,0.0015154583990393657,0.08598399343320337,0.08098183223811364,4.594742644063741
995785,PEPPERS-ALL,PRODUCE,1004906,POTATOES,PRODUCE,308,0.0011139885128976723,0.059528411287205256,0.08548431862336942,4.568041428346284
820165,CITRUS,PRODUCE,1082185,TROPICAL FRUIT,PRODUCE,796,0.0028790092735926855,0.4907521578298397,0.026731143797434347,4.556555833347619
908531,FLUID MILK PRODUCTS,GROCERY,1058997,FLUID MILK PRODUCTS,GROCERY,338,0.0012224938875305623,0.06722354813046937,0.08251953125,4.537655146802903
910032,HOT DOGS,MEAT-PCKGD,1106523,FLUID MILK PRODUCTS,GROCERY,281,0.001016333675728071,0.159477866061294,0.028597598208833706,4.487388389994993
1023720,STONE FRUIT,PRODUCE,1082185,TROPICAL FRUIT,PRODUCE,701,0.002535408920588533,0.48013698630136986,0.023540869097991805,4.457995651841895
860776,VEGETABLES - ALL OTHERS,PRODUCE,1127831,BERRIES,PRODUCE,412,0.0014901404782916914,0.08401305057096248,0.078163536330867,4.406804074001516
933637,STONE FRUIT,PRODUCE,1082185,TROPICAL FRUIT,PRODUCE,424,0.0015335426281448475,0.4732142857142857,0.014238699711196186,4.393719476507105
986947,CITRUS,PRODUCE,1082185,TROPICAL FRUIT,PRODUCE,647,0.002340099246249331,0.4688405797101449,0.02172744979515078,4.3531103109872955
1082185,TROPICAL FRUIT,PRODUCE,1102949,VALUE ADDED FRUIT,PRODUCE,396,0.00143227094515415,0.013298408220834173,0.4642438452520516,4.310430361698845
998444,APPLES,PRODUCE,1082185,TROPICAL FRUIT,PRODUCE,314,0.0011356895878242503,0.4631268436578171,0.010544697427631138,4.300059179323255
854852,TOMATOES,PRODUCE,1127831,BERRIES,PRODUCE,336,0.0012152601958883697,0.08171206225680934,0.06374501992031872,4.286108484350535
916122,CHICKEN,MEAT,995785,PEPPERS-ALL,PRODUCE,354,0.0012803634206681037,0.08018120045300113,0.06841901816776189,4.284657716669418
1082185,TROPICAL FRUIT,PRODUCE,1098844,CITRUS,PRODUCE,294,0.0010633526714023235,0.009873060648801129,0.4558139534883721,4.232160155694777
1082185,TROPICAL FRUIT,PRODUCE,5590287,YOGURT,GROCERY,370,0.001338232953805645,0.01242528040835516,0.45454545454545453,4.2203823445008215
866211,GRAPES,PRODUCE,1082185,TROPICAL FRUIT,PRODUCE,1660,0.006003964063019921,0.4526861194436869,0.055745852642890725,4.203118713421597
1126899,FLUID MILK PRODUCTS,GROCERY,1127831,BERRIES,PRODUCE,359,0.0012984476497735855,0.08006244424620874,0.0681085183077215,4.1995797448242795
951590,BAKED BREAD/BUNS/ROLLS,GROCERY,5569230,SOFT DRINKS,GROCERY,448,0.0016203469278511596,0.07298794395568589,0.09267687215556475,4.1745963377418
904360,VEGETABLES SALAD,PRODUCE,961554,CARROTS,PRODUCE,353,0.0012767465748470075,0.07243997537451262,0.07344985434873075,4.167393706085465
844179,BEEF,MEAT,995785,PEPPERS-ALL,PRODUCE,307,0.0011103716670765758,0.0778990104034509,0.05933513722458446,4.162703902664808
1024306,MELONS,PRODUCE,1082185,TROPICAL FRUIT,PRODUCE,1160,0.004195541152471753,0.44684129429892144,0.03895493317214051,4.148850440356739
1082185,TROPICAL FRUIT,PRODUCE,1127179,STONE FRUIT,PRODUCE,354,0.0012803634206681037,0.011887970985291155,0.44640605296343,4.144809293691349
1082185,TROPICAL FRUIT,PRODUCE,1127831,BERRIES,PRODUCE,2350,0.008499587679576395,0.07891732151252602,0.44583570479984824,4.1395137015877905
849843,BAKED BREAD/BUNS/ROLLS,GROCERY,883404,BAKED BREAD/BUNS/ROLLS,GROCERY,477,0.0017252354566629534,0.10333622183708839,0.06909038238702202,4.138298371727339
916122,CHICKEN,MEAT,961554,CARROTS,PRODUCE,316,0.001142923279466443,0.07157417893544733,0.0657511444028298,4.117585370118232
944836,BEEF,MEAT,1082185,TROPICAL FRUIT,PRODUCE,323,0.0011682412002141172,0.4430727023319616,0.01084693397810464,4.113859662554572
909714,APPLES,PRODUCE,1082185,TROPICAL FRUIT,PRODUCE,734,0.0026547648326847124,0.44004796163069543,0.02464906978306132,4.0857754255994765
1082185,TROPICAL FRUIT,PRODUCE,1135476,BERRIES,PRODUCE,378,0.0013671677203744158,0.012693935119887164,0.43953488372093025,4.081011578705677
961554,CARROTS,PRODUCE,1127831,BERRIES,PRODUCE,371,0.0013418497996267416,0.07719517270079068,0.0703851261620186,4.049180445647013
1082185,TROPICAL FRUIT,PRODUCE,1105488,GRAPES,PRODUCE,520,0.001880759826970096,0.01746255624958023,0.43478260869565216,4.036887459957308
860776,VEGETABLES - ALL OTHERS,PRODUCE,916122,CHICKEN,MEAT,316,0.001142923279466443,0.06443719412724307,0.07157417893544733,4.035300833765951
995785,PEPPERS-ALL,PRODUCE,1044078,BEEF,MEAT,305,0.0011031379754343831,0.05894858909934287,0.07516017742730409,4.0163483756882
878996,GRAPES,PRODUCE,1082185,TROPICAL FRUIT,PRODUCE,1553,0.0056169615601626135,0.42983670080265707,0.052152595876150176,3.9909654907892347
840361,EGGS,GROCERY,1126899,FLUID MILK PRODUCTS,GROCERY,343,0.0012405781166360441,0.06425627575871112,0.07649420160570919,3.962049988151536
1082185,TROPICAL FRUIT,PRODUCE,5584027,YOGURT,GROCERY,308,0.0011139885128976723,0.010343206393982134,0.4265927977839335,3.9608463665287483
961554,CARROTS,PRODUCE,1058997,FLUID MILK PRODUCTS,GROCERY,282,0.0010199505215491675,0.05867665418227216,0.06884765625,3.960731458723471
899624,POTATOES,PRODUCE,1106523,FLUID MILK PRODUCTS,GROCERY,364,0.001316531878879067,0.14032382420971473,0.037044575615713414,3.948431936983387
883404,BAKED BREAD/BUNS/ROLLS,GROCERY,1044078,BEEF,MEAT,400,0.0014467383284385354,0.05793742757821553,0.09857072449482504,3.9474548365045203
1055504,APPLES,PRODUCE,1082185,TROPICAL FRUIT,PRODUCE,348,0.0012586623457415257,0.4233576642335766,0.011686479951642152,3.930808665389086
883404,BAKED BREAD/BUNS/ROLLS,GROCERY,1065593,BATH TISSUES,GROCERY,314,0.0011356895878242503,0.045480880648899186,0.09797191887675508,3.923474510243446
1058997,FLUID MILK PRODUCTS,GROCERY,1127831,BERRIES,PRODUCE,306,0.0011067548212554796,0.07470703125,0.05805350028457598,3.9186679620802503
1070820,FLUID MILK PRODUCTS,GROCERY,1127831,BERRIES,PRODUCE,329,0.0011899422751406952,0.0740990990990991,0.06241699867197875,3.8867796082935517
951590,BAKED BREAD/BUNS/ROLLS,GROCERY,1004906,POTATOES,PRODUCE,310,0.001121222204539865,0.050505050505050504,0.08603941160144324,3.8756143169132353
994928,EGGS,GROCERY,1133018,FLUID MILK PRODUCTS,GROCERY,332,0.0012007928126039843,0.10209102091020911,0.04538619275461381,3.8587195933476766
899624,POTATOES,PRODUCE,981760,EGGS,GROCERY,328,0.001186325429319599,0.1264456437933693,0.03594126671049748,3.8308346897398557
961554,CARROTS,PRODUCE,1126899,FLUID MILK PRODUCTS,GROCERY,297,0.0010742032088656124,0.06179775280898876,0.06623550401427297,3.8104571560304294
1029743,FLUID MILK PRODUCTS,GROCERY,1101010,DELI MEATS,DELI,347,0.0012550454999204295,0.024047124047124047,0.19772079772079773,3.7884017350684025
923746,EGGS,GROCERY,1106523,FLUID MILK PRODUCTS,GROCERY,653,0.002361800321175909,0.13444513073913938,0.06645634032159577,3.783017252928986
860776,VEGETABLES - ALL OTHERS,PRODUCE,1070820,FLUID MILK PRODUCTS,GROCERY,297,0.0010742032088656124,0.060562805872756934,0.06689189189189189,3.7713168511088573
916122,CHICKEN,MEAT,1127831,BERRIES,PRODUCE,316,0.001142923279466443,0.07157417893544733,0.05995067349649023,3.75433794133717
916993,MILK BY-PRODUCTS,GROCERY,1082185,TROPICAL FRUIT,PRODUCE,386,0.0013961024869431865,0.4016649323621228,0.012962589831419168,3.7293950956816824
883404,BAKED BREAD/BUNS/ROLLS,GROCERY,1004906,POTATOES,PRODUCE,335,0.0012116433500672732,0.0485225955967555,0.09297807382736609,3.7234863505338183
933835,DELI MEATS,DELI,981760,EGGS,GROCERY,291,0.0010525021339390344,0.12273302404048925,0.03188691650230112,3.7183560616711184
826249,BAKED BREAD/BUNS/ROLLS,GROCERY,904360,VEGETABLES SALAD,PRODUCE,359,0.0012984476497735855,0.06521344232515895,0.0736712497434845,3.7000766238106397
910032,HOT DOGS,MEAT-PCKGD,1029743,FLUID MILK PRODUCTS,GROCERY,340,0.001229727579172755,0.19296254256526674,0.02356202356202356,3.6972318516018854
981760,EGGS,GROCERY,1068719,SUGARS/SWEETNERS,GROCERY,380,0.0013744014120166085,0.04163927240850318,0.12191209496310555,3.693484951104457
938700,VEGETABLES - SHELF STABLE,GROCERY,1029743,FLUID MILK PRODUCTS,GROCERY,415,0.0015009910157549804,0.19142066420664205,0.02875952875952876,3.6676889066187957
1051516,VEGETABLES - ALL OTHERS,PRODUCE,1082185,TROPICAL FRUIT,PRODUCE,546,0.0019747978183186007,0.3947939262472885,0.018335684062059238,3.6655988953104743
883404,BAKED BREAD/BUNS/ROLLS,GROCERY,908531,FLUID MILK PRODUCTS,GROCERY,460,0.0016637490777043156,0.06662804171494785,0.09148766905330151,3.663800215894122
849843,BAKED BREAD/BUNS/ROLLS,GROCERY,923746,EGGS,GROCERY,297,0.0010742032088656124,0.06434142114384749,0.06114885731933292,3.6626257944277394
961554,CARROTS,PRODUCE,1082185,TROPICAL FRUIT,PRODUCE,1895,0.006853922830977561,0.39429879317519767,0.06363758479414333,3.661001663384087
904360,VEGETABLES SALAD,PRODUCE,1098066,BAKED BREAD/BUNS/ROLLS,GROCERY,324,0.0011718580460352136,0.06648881592448184,0.06428571428571428,3.6474392424731024
845208,ONIONS,PRODUCE,981760,EGGS,GROCERY,326,0.0011790917376774063,0.11976487876561352,0.03572211264518957,3.628432252973032
859075,CHEESE,GROCERY,883404,BAKED BREAD/BUNS/ROLLS,GROCERY,315,0.0011393064336453465,0.09041331802525833,0.04562572421784473,3.6207757562131406
951590,BAKED BREAD/BUNS/ROLLS,GROCERY,1106523,FLUID MILK PRODUCTS,GROCERY,789,0.002853691352845011,0.12854349951124144,0.08029717077142276,3.616957146231028
840361,EGGS,GROCERY,961554,CARROTS,PRODUCE,334,0.001208026504246177,0.06257025103034844,0.06949646275488972,3.599599102345996
857503,CARROTS,PRODUCE,1082185,TROPICAL FRUIT,PRODUCE,460,0.0016637490777043156,0.3872053872053872,0.0154476459130902,3.595140515685885
1082185,TROPICAL FRUIT,PRODUCE,1126899,FLUID MILK PRODUCTS,GROCERY,1736,0.006278844345423243,0.05829807240244476,0.3871543264942016,3.594666425093117
854852,TOMATOES,PRODUCE,1082185,TROPICAL FRUIT,PRODUCE,1586,0.005736317472258792,0.3857003891050584,0.053260796561219695,3.5811668473813874
883404,BAKED BREAD/BUNS/ROLLS,GROCERY,1029743,FLUID MILK PRODUCTS,GROCERY,1287,0.004654880571750988,0.18641367323290847,0.0891891891891892,3.5717531552409887
1068719,SUGARS/SWEETNERS,GROCERY,1106523,FLUID MILK PRODUCTS,GROCERY,393,0.001421420407690861,0.1260827718960539,0.03999592916751476,3.5477171895897177
951590,BAKED BREAD/BUNS/ROLLS,GROCERY,981760,EGGS,GROCERY,717,0.0025932784537260746,0.11681329423264906,0.07856673241288625,3.5390101734187756
903325,BROCCOLI/CAULIFLOWER,PRODUCE,1082185,TROPICAL FRUIT,PRODUCE,1062,0.003841090262004311,0.38064516129032255,0.03566391295587346,3.534229860104558
845208,ONIONS,PRODUCE,1106523,FLUID MILK PRODUCTS,GROCERY,341,0.0012333444249938515,0.12527553269654665,0.034703846936698556,3.5250030920081428
1022254,POTATOES,PRODUCE,1082185,TROPICAL FRUIT,PRODUCE,675,0.0024413709292400282,0.3794266441821248,0.022667741285512796,3.5229161223067558
1082185,TROPICAL FRUIT,PRODUCE,12263788,BAKED BREAD/BUNS/ROLLS,GROCERY,338,0.0012224938875305623,0.011350661562227148,0.3776536312849162,3.5064539791852636
995965,SALAD MIX,PRODUCE,1082185,TROPICAL FRUIT,PRODUCE,643,0.0023256318629649455,0.3771260997067449,0.02159312243938478,3.501555932276165
981760,EGGS,GROCERY,1004906,POTATOES,PRODUCE,415,0.0015009910157549804,0.04547446855139163,0.11518179295031918,3.489581727161522
1096036,CHEESE,GROCERY,1106523,FLUID MILK PRODUCTS,GROCERY,386,0.0013961024869431865,0.12359910342619276,0.039283533482597194,3.4778317231515845
951590,BAKED BREAD/BUNS/ROLLS,GROCERY,1098066,BAKED BREAD/BUNS/ROLLS,GROCERY,389,0.0014069530244064756,0.06337569240795048,0.07718253968253969,3.476659710261861
981760,EGGS,GROCERY,1096036,CHEESE,GROCERY,357,0.0012912139581313928,0.0391190006574622,0.1143131604226705,3.463265378731277
951590,BAKED BREAD/BUNS/ROLLS,GROCERY,1044078,BEEF,MEAT,311,0.0011248390503609612,0.050667970022808734,0.07663873829472646,3.4521643725446647
866871,GRAPES,PRODUCE,1082185,TROPICAL FRUIT,PRODUCE,277,0.0010018662924436857,0.37032085561497324,0.00930216938679562,3.438370321843316
1003188,CANNED JUICES,GROCERY,1082185,TROPICAL FRUIT,PRODUCE,618,0.002235210717437537,0.37005988023952097,0.02075357646584727,3.4359472069361177
999104,REFRGRATD JUICES/DRNKS,GROCERY,1082185,TROPICAL FRUIT,PRODUCE,361,0.0013056813414157782,0.3698770491803279,0.012123043857881658,3.4342496495927795
859075,CHEESE,GROCERY,981760,EGGS,GROCERY,394,0.0014250372535119574,0.11308840413318025,0.04317335086565856,3.426159799294128
1013321,VEGETABLES - SHELF STABLE,GROCERY,1029743,FLUID MILK PRODUCTS,GROCERY,339,0.0012261107333516588,0.17851500789889416,0.023492723492723494,3.4204118810753887
883404,BAKED BREAD/BUNS/ROLLS,GROCERY,994928,EGGS,GROCERY,277,0.0010018662924436857,0.04012166859791425,0.08517835178351783,3.411131433156742
844179,BEEF,MEAT,883404,BAKED BREAD/BUNS/ROLLS,GROCERY,335,0.0012116433500672732,0.08500380614057346,0.0485225955967555,3.4041414161312735
904360,VEGETABLES SALAD,PRODUCE,1127831,BERRIES,PRODUCE,316,0.001142923279466443,0.06484711676585266,0.05995067349649023,3.401477941925632
1070820,FLUID MILK PRODUCTS,GROCERY,1082185,TROPICAL FRUIT,PRODUCE,1624,0.005873757613460454,0.36576576576576575,0.05453690644099671,3.396077036133453
826249,BAKED BREAD/BUNS/ROLLS,GROCERY,951590,BAKED BREAD/BUNS/ROLLS,GROCERY,414,0.0014973741699338841,0.07520435967302452,0.06744868035190615,3.387553303981185
1058997,FLUID MILK PRODUCTS,GROCERY,1082185,TROPICAL FRUIT,PRODUCE,1493,0.005399950810896833,0.364501953125,0.05013768553966015,3.3843427365105945
933835,DELI MEATS,DELI,1082185,TROPICAL FRUIT,PRODUCE,862,0.0031177210977850435,0.3635596794601434,0.028947545167573377,3.375593875205127
995785,PEPPERS-ALL,PRODUCE,1127831,BERRIES,PRODUCE,332,0.0012007928126039843,0.06416698879010437,0.06298615063555303,3.365802642504879
1082185,TROPICAL FRUIT,PRODUCE,1117514,BROCCOLI/CAULIFLOWER,PRODUCE,380,0.0013744014120166085,0.012761098797770166,0.36087369420702753,3.35065492877748
835098,POTATOES,PRODUCE,1082185,TROPICAL FRUIT,PRODUCE,391,0.0014141867160486683,0.35970561177552896,0.01313049902612667,3.3398094689416804
1028816,TROPICAL FRUIT,PRODUCE,1082185,TROPICAL FRUIT,PRODUCE,553,0.002000115739066275,0.35862516212710766,0.01857075693464974,3.3297776655769766
1029743,FLUID MILK PRODUCTS,GROCERY,1056509,MILK BY-PRODUCTS,GROCERY,304,0.001099521129613287,0.021067221067221066,0.1736150770988007,3.3265274412047683
844179,BEEF,MEAT,951590,BAKED BREAD/BUNS/ROLLS,GROCERY,291,0.0010525021339390344,0.07383912712509515,0.04740957966764418,3.326056895414599
860776,VEGETABLES - ALL OTHERS,PRODUCE,1082185,TROPICAL FRUIT,PRODUCE,1755,0.006347564416024074,0.3578711256117455,0.058936127342333264,3.3227765563045826
1082185,TROPICAL FRUIT,PRODUCE,1137688,SQUASH,PRODUCE,469,0.0016963006900941827,0.015749882463563705,0.3571972581873572,3.316519804307653
929668,DINNER MXS:DRY,GROCERY,1082185,TROPICAL FRUIT,PRODUCE,541,0.001956713589213119,0.3563899868247694,0.018167774867351737,3.309024417934701
893018,CHEESE,GROCERY,1029743,FLUID MILK PRODUCTS,GROCERY,345,0.0012478118082782368,0.1717272274763564,0.02390852390852391,3.2903555621325657
985999,CHICKEN,MEAT,1082185,TROPICAL FRUIT,PRODUCE,383,0.0013852519494798976,0.3539741219963031,0.012861844314594667,3.2865934967434307
970030,PEPPERS-ALL,PRODUCE,1082185,TROPICAL FRUIT,PRODUCE,401,0.0014503551742596316,0.353927625772286,0.013466317415541674,3.286161786688989
1082185,TROPICAL FRUIT,PRODUCE,9677202,PAPER TOWELS,GROCERY,278,0.001005483138264782,0.009335751225737121,0.35279187817258884,3.2756165506303323
1082185,TROPICAL FRUIT,PRODUCE,6034857,TOMATOES,PRODUCE,795,0.002875392427771589,0.026697561958492846,0.3513035793194874,3.2617979321837987
1044078,BEEF,MEAT,1106523,FLUID MILK PRODUCTS,GROCERY,467,0.00168906699845199,0.11508132084770822,0.047526969265214734,3.238158346555848
1053690,SOFT DRINKS,GROCERY,1133018,FLUID MILK PRODUCTS,GROCERY,290,0.0010488852881179382,0.0854449027695934,0.039644565960355434,3.2295486667598445
1050229,SOUP,GROCERY,1082185,TROPICAL FRUIT,PRODUCE,438,0.0015841784696401962,0.34651898734177217,0.014708845456377191,3.2173737556653412
1106523,FLUID MILK PRODUCTS,GROCERY,5569230,SOFT DRINKS,GROCERY,552,0.0019964988932451785,0.056177488296356604,0.11419114604882086,3.213110606977629
826249,BAKED BREAD/BUNS/ROLLS,GROCERY,961554,CARROTS,PRODUCE,307,0.0011103716670765758,0.05576748410535876,0.06387848522679983,3.208243253305454
903325,BROCCOLI/CAULIFLOWER,PRODUCE,981760,EGGS,GROCERY,295,0.0010669695172234198,0.1057347670250896,0.03232522463291694,3.203371830611974
1040807,CHEESES,DELI,1082185,TROPICAL FRUIT,PRODUCE,414,0.0014973741699338841,0.345,0.01390288132178118,3.203270199476123
1082185,TROPICAL FRUIT,PRODUCE,1087102,DELI MEATS,DELI,311,0.0011248390503609612,0.010443951910806637,0.34478935698447893,3.201314412535988
1082185,TROPICAL FRUIT,PRODUCE,1138443,DELI MEATS,DELI,300,0.0010850537463289016,0.01007455168245013,0.3440366972477064,3.1943260864341076
1082185,TROPICAL FRUIT,PRODUCE,1137775,CHEESES,DELI,353,0.0012767465748470075,0.011854389146349655,0.3433852140077821,3.1882771680343756
916122,CHICKEN,MEAT,981760,EGGS,GROCERY,464,0.001678216460988701,0.10509626274065685,0.05084374315143546,3.184027515624345
1026118,TOMATOES,PRODUCE,1082185,TROPICAL FRUIT,PRODUCE,705,0.0025498763038729185,0.34273213417598447,0.023675196453757808,3.1822134255327046
971922,CHEESES,DELI,1082185,TROPICAL FRUIT,PRODUCE,384,0.0013888687953009938,0.3419412288512912,0.012895426153536168,3.1748699952219885
962568,VEGETABLES - ALL OTHERS,PRODUCE,981760,EGGS,GROCERY,328,0.001186325429319599,0.1047588629830725,0.03594126671049748,3.1738055525982705
854852,TOMATOES,PRODUCE,951590,BAKED BREAD/BUNS/ROLLS,GROCERY,289,0.0010452684422968418,0.07028210116731518,0.04708374063212773,3.1658319418611875
923746,EGGS,GROCERY,1029743,FLUID MILK PRODUCTS,GROCERY,802,0.0029007103485192633,0.16512250360304714,0.05557865557865558,3.1638066726392857
995242,FLUID MILK PRODUCTS,GROCERY,1096036,CHEESE,GROCERY,447,0.0016167300820300631,0.03564024876415245,0.1431316042267051,3.155286115692579
885290,BAKED BREAD/BUNS/ROLLS,GROCERY,1082185,TROPICAL FRUIT,PRODUCE,401,0.0014503551742596316,0.33954276037256564,0.013466317415541674,3.1526005963747874
962229,BAKED BREAD/BUNS/ROLLS,GROCERY,1029743,FLUID MILK PRODUCTS,GROCERY,480,0.0017360859941262423,0.16427104722792607,0.033264033264033266,3.1474924616608395
854405,MEAT - MISC,MEAT-PCKGD,1082185,TROPICAL FRUIT,PRODUCE,322,0.001164624354393021,0.33859095688748686,0.010813352139163141,3.143763252202294
1082185,TROPICAL FRUIT,PRODUCE,1101010,DELI MEATS,DELI,594,0.002148406417731225,0.01994761233125126,0.3384615384615385,3.1425616226744575
862349,FLUID MILK PRODUCTS,GROCERY,1082185,TROPICAL FRUIT,PRODUCE,1390,0.00502741569132391,0.3382818203942565,0.046678756128685606,3.140892968966539
840361,EGGS,GROCERY,860776,VEGETABLES - ALL OTHERS,PRODUCE,297,0.0010742032088656124,0.05563881603596853,0.060562805872756934,3.1368765116004735
840361,EGGS,GROCERY,995785,PEPPERS-ALL,PRODUCE,313,0.0011320727420031538,0.05863619333083552,0.06049478160030924,3.1333531652266577
995785,PEPPERS-ALL,PRODUCE,1098066,BAKED BREAD/BUNS/ROLLS,GROCERY,294,0.0010633526714023235,0.05682257441051411,0.058333333333333334,3.1171691792294816
951590,BAKED BREAD/BUNS/ROLLS,GROCERY,1029743,FLUID MILK PRODUCTS,GROCERY,996,0.0036023784378119528,0.16226783968719452,0.06902286902286903,3.1091102833038318
965267,MELONS,PRODUCE,1082185,TROPICAL FRUIT,PRODUCE,381,0.001378018257837705,0.3347978910369069,0.012794680636711667,3.108545238278197
1106523,FLUID MILK PRODUCTS,GROCERY,5568378,BAG SNACKS,GROCERY,297,0.0010742032088656124,0.030225931202931,0.11032689450222882,3.104378292240406
916122,CHICKEN,MEAT,951590,BAKED BREAD/BUNS/ROLLS,GROCERY,304,0.001099521129613287,0.06885617214043036,0.04952753339850114,3.1016014822539506
981760,EGGS,GROCERY,995785,PEPPERS-ALL,PRODUCE,527,0.0019060777477177702,0.05774709620863467,0.10185543100115964,3.085842316998096
1004906,POTATOES,PRODUCE,1106523,FLUID MILK PRODUCTS,GROCERY,395,0.0014286540993330536,0.1096308631695809,0.040199470791776916,3.084793361752331
900802,CARROTS,PRODUCE,1082185,TROPICAL FRUIT,PRODUCE,335,0.0012116433500672732,0.33201189296333,0.011249916045402646,3.0826776886988156
825541,VEGETABLES SALAD,PRODUCE,1082185,TROPICAL FRUIT,PRODUCE,309,0.0011176053587187685,0.3315450643776824,0.010376788232923635,3.0783432594331095
962229,BAKED BREAD/BUNS/ROLLS,GROCERY,981760,EGGS,GROCERY,296,0.0010705863630445162,0.10130047912388775,0.032434801665570896,3.069029330494081
908318,POTATOES,PRODUCE,1082185,TROPICAL FRUIT,PRODUCE,387,0.001399719332764283,0.3302047781569966,0.012996171670360669,3.065898914767917
1082185,TROPICAL FRUIT,PRODUCE,1132771,CHEESES,DELI,375,0.001356317182911127,0.012593189603062663,0.32981530343007914,3.0622827037934717
883404,BAKED BREAD/BUNS/ROLLS,GROCERY,1106523,FLUID MILK PRODUCTS,GROCERY,750,0.002712634365822254,0.10863267670915411,0.0763281090983106,3.0567063899098073
1013321,VEGETABLES - SHELF STABLE,GROCERY,1082185,TROPICAL FRUIT,PRODUCE,623,0.0022532949465430187,0.3280674038967878,0.02092148566055477,3.0460537342668905
840361,EGGS,GROCERY,883404,BAKED BREAD/BUNS/ROLLS,GROCERY,406,0.0014684394033651134,0.07605844885724991,0.05880648899188876,3.045907325296623
1018740,DELI MEATS,DELI,1082185,TROPICAL FRUIT,PRODUCE,338,0.0012224938875305623,0.32783705140640157,0.011350661562227148,3.0439149479833274
951412,VEGETABLES - ALL OTHERS,PRODUCE,1082185,TROPICAL FRUIT,PRODUCE,441,0.001595029007103485,0.3276374442793462,0.014809590973201692,3.042061627514633
962568,VEGETABLES - ALL OTHERS,PRODUCE,1082185,TROPICAL FRUIT,PRODUCE,1024,0.0037036501208026506,0.32705206004471415,0.03438780307609645,3.036626427879735
930118,STONE FRUIT,PRODUCE,1082185,TROPICAL FRUIT,PRODUCE,287,0.001038034750654649,0.32687927107061504,0.009637987776210626,3.0350221097013876
862349,FLUID MILK PRODUCTS,GROCERY,981760,EGGS,GROCERY,411,0.001486523632470595,0.1000243368216111,0.04503616042077581,3.0303669451880695
965766,CHEESE,GROCERY,1029743,FLUID MILK PRODUCTS,GROCERY,342,0.0012369612708149477,0.1579676674364896,0.023700623700623702,3.0267174333687037
865178,VEGETABLES - ALL OTHERS,PRODUCE,1082185,TROPICAL FRUIT,PRODUCE,369,0.0013346161079845489,0.3251101321585903,0.012391698569413662,3.0185959359169754
899624,POTATOES,PRODUCE,1029743,FLUID MILK PRODUCTS,GROCERY,408,0.001475673095007306,0.15728604471858135,0.028274428274428276,3.0136572964637733
883932,CRACKERS/MISC BKD FD,GROCERY,1082185,TROPICAL FRUIT,PRODUCE,398,0.0014395046367963427,0.3233143785540211,0.013365571898717173,3.001922648939821
1082185,TROPICAL FRUIT,PRODUCE,12810393,PORK,MEAT,461,0.001667365923525412,0.015481227752031701,0.32305536089698667,2.9995177111371643
872137,BUTTER,GROCERY,1082185,TROPICAL FRUIT,PRODUCE,318,0.0011501569711086356,0.32186234817813764,0.01067902478339714,2.988440777543294
995785,PEPPERS-ALL,PRODUCE,1082185,TROPICAL FRUIT,PRODUCE,1664,0.006018431446304307,0.32160804020100503,0.05588017999865673,2.9860795683704304
878996,GRAPES,PRODUCE,981760,EGGS,GROCERY,355,0.0012839802664892002,0.09825629670633822,0.038899846592154286,2.976801877992025
822407,MEAT - SHELF STABLE,GROCERY,1082185,TROPICAL FRUIT,PRODUCE,339,0.0012261107333516588,0.32041587901701324,0.011384243401168647,2.9750105411424506
1082185,TROPICAL FRUIT,PRODUCE,1119051,VEGETABLES SALAD,PRODUCE,404,0.0014612057117229208,0.013567062932366177,0.3203806502775575,2.9746834478924105
880150,BEEF,MEAT,1082185,TROPICAL FRUIT,PRODUCE,351,0.0012695128832048148,0.31996353691886964,0.011787225468466653,2.9708106166121553
913210,WATER - CARBONATED/FLVRD DRINK,GROCERY,1082185,TROPICAL FRUIT,PRODUCE,460,0.0016637490777043156,0.31966643502432246,0.0154476459130902,2.968052072713572
1006184,SALAD MIX,PRODUCE,1082185,TROPICAL FRUIT,PRODUCE,558,0.0020181999681717568,0.31958762886597936,0.018738666129357245,2.9673203700510924
1077555,MILK BY-PRODUCTS,GROCERY,1082185,TROPICAL FRUIT,PRODUCE,452,0.001634814311135545,0.31875881523272215,0.015178991201558197,2.9596249671167953
961554,CARROTS,PRODUCE,981760,EGGS,GROCERY,469,0.0016963006900941827,0.09758635039533915,0.051391628314705236,2.9565049860513866
981760,EGGS,GROCERY,1029743,FLUID MILK PRODUCTS,GROCERY,1407,0.005088902070282548,0.15417488494411571,0.09750519750519751,2.954046354046354
904360,VEGETABLES SALAD,PRODUCE,981760,EGGS,GROCERY,475,0.0017180017650207607,0.09747588754360763,0.05204909051062897,2.9531583707655944
1029743,FLUID MILK PRODUCTS,GROCERY,1038217,CRACKERS/MISC BKD FD,GROCERY,340,0.001229727579172755,0.02356202356202356,0.15370705244122965,2.945082514702768
883003,DELI MEATS,DELI,1082185,TROPICAL FRUIT,PRODUCE,316,0.001142923279466443,0.316950852557673,0.010611861105514138,2.9428383208595497
1022003,SOUP,GROCERY,1082185,TROPICAL FRUIT,PRODUCE,546,0.0019747978183186007,0.3167053364269142,0.018335684062059238,2.9405587425837507
910032,HOT DOGS,MEAT-PCKGD,1082185,TROPICAL FRUIT,PRODUCE,557,0.0020145831223506603,0.31611804767309876,0.018705084290415744,2.9351058597907524
844179,BEEF,MEAT,981760,EGGS,GROCERY,380,0.0013744014120166085,0.09642222786094899,0.04163927240850318,2.9212363848243066
938700,VEGETABLES - SHELF STABLE,GROCERY,1082185,TROPICAL FRUIT,PRODUCE,682,0.002466688849987703,0.3145756457564576,0.0229028141581033,2.920784902993096
859075,CHEESE,GROCERY,995242,FLUID MILK PRODUCTS,GROCERY,460,0.0016637490777043156,0.13203214695752008,0.03667676606601818,2.9106024652689353
883404,BAKED BREAD/BUNS/ROLLS,GROCERY,923746,EGGS,GROCERY,353,0.0012767465748470075,0.051129779837775204,0.07267860819435866,2.910555085169331
1030819,VEGETABLES - SHELF STABLE,GROCERY,1082185,TROPICAL FRUIT,PRODUCE,289,0.0010452684422968418,0.31344902386117135,0.009705151454093626,2.9103243976503492
1082185,TROPICAL FRUIT,PRODUCE,5585510,TOMATOES,PRODUCE,467,0.00168906699845199,0.015682718785680703,0.31300268096514744,2.9061801747588096
847270,CITRUS,PRODUCE,1082185,TROPICAL FRUIT,PRODUCE,538,0.00194586305174983,0.31297265852239675,0.018067029350527234,2.905901421146697
1055646,VEGETABLES SALAD,PRODUCE,1082185,TROPICAL FRUIT,PRODUCE,664,0.0024015856252079686,0.31291234684260133,0.02229834105715629,2.90534143677983
1037863,VEGETABLES - ALL OTHERS,PRODUCE,1082185,TROPICAL FRUIT,PRODUCE,625,0.0022605286381852116,0.31265632816408206,0.020988649338437772,2.902964344016323
962229,BAKED BREAD/BUNS/ROLLS,GROCERY,995242,FLUID MILK PRODUCTS,GROCERY,384,0.0013888687953009938,0.13141683778234087,0.03061712645511083,2.897038189875038
1098066,BAKED BREAD/BUNS/ROLLS,GROCERY,1127831,BERRIES,PRODUCE,278,0.001005483138264782,0.05515873015873016,0.052741415291216086,2.8932852113842435
990797,CRACKERS/MISC BKD FD,GROCERY,1082185,TROPICAL FRUIT,PRODUCE,373,0.0013490834912689342,0.3116123642439432,0.012526025925179663,2.893271304843253
833025,MILK BY-PRODUCTS,GROCERY,1029743,FLUID MILK PRODUCTS,GROCERY,407,0.0014720562491862097,0.15035094200221646,0.028205128205128206,2.8807782292821082
904360,VEGETABLES SALAD,PRODUCE,951590,BAKED BREAD/BUNS/ROLLS,GROCERY,311,0.0011248390503609612,0.06382105479170942,0.050667970022808734,2.874796434185563
1029743,FLUID MILK PRODUCTS,GROCERY,1096036,CHEESE,GROCERY,468,0.0016926838442730863,0.032432432432432434,0.14985590778097982,2.8712931952125036
847982,SALAD MIX,PRODUCE,995242,FLUID MILK PRODUCTS,GROCERY,324,0.0011718580460352136,0.1302250803858521,0.02583320044649976,2.8707663152130385
994928,EGGS,GROCERY,995242,FLUID MILK PRODUCTS,GROCERY,423,0.001529925782323751,0.13007380073800737,0.03372667836070802,2.867431408327797
896369,PNT BTR/JELLY/JAMS,GROCERY,1082185,TROPICAL FRUIT,PRODUCE,425,0.0015371594739659437,0.30774800868935553,0.014272281550137685,2.857391377341251
866211,GRAPES,PRODUCE,981760,EGGS,GROCERY,345,0.0012478118082782368,0.09408235614944097,0.03780407626561473,2.850346938157138
1041796,CRACKERS/MISC BKD FD,GROCERY,1082185,TROPICAL FRUIT,PRODUCE,291,0.0010525021339390344,0.3066385669125395,0.009772315131976628,2.847090386669574
1082185,TROPICAL FRUIT,PRODUCE,1116821,MUSHROOMS,PRODUCE,309,0.0011176053587187685,0.010376788232923635,0.3056379821958457,2.8378001165100475
870515,ONIONS,PRODUCE,1082185,TROPICAL FRUIT,PRODUCE,291,0.0010525021339390344,0.3050314465408805,0.009772315131976628,2.8321685292970917
962229,BAKED BREAD/BUNS/ROLLS,GROCERY,1106523,FLUID MILK PRODUCTS,GROCERY,294,0.0010633526714023235,0.10061601642710473,0.029920618766537756,2.831133593103157
1041259,HERBS,PRODUCE,1082185,TROPICAL FRUIT,PRODUCE,473,0.001710768073378568,0.3037893384714194,0.015884209819329708,2.8206357531711976
862139,SEAFOOD - SHELF STABLE,GROCERY,1082185,TROPICAL FRUIT,PRODUCE,296,0.0010705863630445162,0.30327868852459017,0.009940224326684129,2.8158944495275975
1042438,COOKIES/CONES,GROCERY,1082185,TROPICAL FRUIT,PRODUCE,370,0.001338232953805645,0.30327868852459017,0.01242528040835516,2.815894449527597
979707,ONIONS,PRODUCE,1082185,TROPICAL FRUIT,PRODUCE,828,0.0029947483398677682,0.30196936542669583,0.02780576264356236,2.8037375925392767
999858,BEEF,MEAT,1082185,TROPICAL FRUIT,PRODUCE,358,0.001294830803952489,0.3016006739679865,0.012022298341057155,2.800314350908885
923746,EGGS,GROCERY,951590,BAKED BREAD/BUNS/ROLLS,GROCERY,301,0.0010886705921499978,0.06197241095326333,0.04903877484522646,2.7915249380909186
1056509,MILK BY-PRODUCTS,GROCERY,1082185,TROPICAL FRUIT,PRODUCE,526,0.001902460901896674,0.3003997715591091,0.01766404728322923,2.7891641627963164
927191,SEAFOOD - SHELF STABLE,GROCERY,1082185,TROPICAL FRUIT,PRODUCE,443,0.0016022626987456778,0.30033898305084744,0.014876754651084694,2.7885997511528813
981760,EGGS,GROCERY,1106523,FLUID MILK PRODUCTS,GROCERY,904,0.00326962862227109,0.09905763751917598,0.09200081416649705,2.7872839254886883
916122,CHICKEN,MEAT,1082185,TROPICAL FRUIT,PRODUCE,1322,0.0047814701754893595,0.29943374858437144,0.04439519108066358,2.780194792920994
859075,CHEESE,GROCERY,1029743,FLUID MILK PRODUCTS,GROCERY,505,0.0018265071396536508,0.1449483352468427,0.034996534996534996,2.7772623369638296
826249,BAKED BREAD/BUNS/ROLLS,GROCERY,995785,PEPPERS-ALL,PRODUCE,286,0.0010344179048335529,0.051952770208900996,0.05527638190954774,2.7762098412133334
844179,BEEF,MEAT,1029743,FLUID MILK PRODUCTS,GROCERY,571,0.0020652189638460093,0.14488708449632073,0.03957033957033957,2.776088750511486
923746,EGGS,GROCERY,1133018,FLUID MILK PRODUCTS,GROCERY,356,0.0012875971123102964,0.07329627341980646,0.04866712235133288,2.7703686753522585
883404,BAKED BREAD/BUNS/ROLLS,GROCERY,1133018,FLUID MILK PRODUCTS,GROCERY,506,0.0018301239854747473,0.07329084588644265,0.06917293233082707,2.7701635316564874
904360,VEGETABLES SALAD,PRODUCE,1082185,TROPICAL FRUIT,PRODUCE,1450,0.0052444264405896905,0.2975579725015391,0.04869366646517563,2.762778509944104
1029743,FLUID MILK PRODUCTS,GROCERY,1098066,BAKED BREAD/BUNS/ROLLS,GROCERY,726,0.0026258300661159417,0.050311850311850315,0.14404761904761904,2.7600042900042903
951590,BAKED BREAD/BUNS/ROLLS,GROCERY,1133018,FLUID MILK PRODUCTS,GROCERY,448,0.0016203469278511596,0.07298794395568589,0.06124401913875598,2.7587147910654624
861272,EGGS,GROCERY,1082185,TROPICAL FRUIT,PRODUCE,365,0.0013201487247001635,0.2967479674796748,0.01225737121364766,2.7552577419789914
1029743,FLUID MILK PRODUCTS,GROCERY,1068719,SUGARS/SWEETNERS,GROCERY,447,0.0016167300820300631,0.03097713097713098,0.14340712223291627,2.7477321402249215
940947,HEAT/SERVE,MEAT-PCKGD,1082185,TROPICAL FRUIT,PRODUCE,403,0.0014575888659018243,0.29567131327953045,0.013533481093424676,2.745261178748663
860776,VEGETABLES - ALL OTHERS,PRODUCE,981760,EGGS,GROCERY,444,0.0016058795445667742,0.09053833605220228,0.04865220249835635,2.7429762552111656
914190,CHEESE,GROCERY,1029743,FLUID MILK PRODUCTS,GROCERY,292,0.0010561189797601309,0.14306712395884372,0.020235620235620234,2.741217650771791
933835,DELI MEATS,DELI,1029743,FLUID MILK PRODUCTS,GROCERY,339,0.0012261107333516588,0.1429776465626318,0.023492723492723494,2.739503231616264
840361,EGGS,GROCERY,995242,FLUID MILK PRODUCTS,GROCERY,663,0.002397968779386872,0.12420382165605096,0.052862382395152285,2.738029774099154
840361,EGGS,GROCERY,1029743,FLUID MILK PRODUCTS,GROCERY,762,0.00275603651567541,0.14275009366804045,0.05280665280665281,2.735143236154851
981760,EGGS,GROCERY,1133018,FLUID MILK PRODUCTS,GROCERY,660,0.0023871182419235833,0.07232084155161078,0.09022556390977443,2.733500417710944
883404,BAKED BREAD/BUNS/ROLLS,GROCERY,995242,FLUID MILK PRODUCTS,GROCERY,856,0.0030960200228584657,0.12398609501738123,0.06825067772285122,2.7332300665592117
1044078,BEEF,MEAT,1133018,FLUID MILK PRODUCTS,GROCERY,293,0.001059735825581227,0.07220305569245934,0.040054682159945315,2.729048482580168
1043301,ONIONS,PRODUCE,1082185,TROPICAL FRUIT,PRODUCE,280,0.0010127168299069748,0.2938090241343127,0.009402914903620122,2.727970119845232
845208,ONIONS,PRODUCE,1082185,TROPICAL FRUIT,PRODUCE,799,0.0028898598110559744,0.29353416605437177,0.02683188931425885,2.7254181062320146
834484,ONIONS,PRODUCE,981760,EGGS,GROCERY,297,0.0010742032088656124,0.08994548758328286,0.03254437869822485,2.725015142337977
981760,EGGS,GROCERY,1070820,FLUID MILK PRODUCTS,GROCERY,399,0.001443121482617439,0.043721236028928336,0.08986486486486486,2.7225725725725725
824005,MUSHROOMS,PRODUCE,1082185,TROPICAL FRUIT,PRODUCE,467,0.00168906699845199,0.2926065162907268,0.015682718785680703,2.716805025526406
897125,CHEESE,GROCERY,1082185,TROPICAL FRUIT,PRODUCE,293,0.001059735825581227,0.292123629112662,0.009839478809859628,2.7123214947808862
883404,BAKED BREAD/BUNS/ROLLS,GROCERY,981760,EGGS,GROCERY,618,0.002235210717437537,0.08951332560834299,0.06771860618014464,2.711922235097206
911812,SOUP,GROCERY,1082185,TROPICAL FRUIT,PRODUCE,304,0.001099521129613287,0.2920268972142171,0.010208879038216132,2.7114233544689235
930917,MEAT - SHELF STABLE,GROCERY,1082185,TROPICAL FRUIT,PRODUCE,346,0.001251428654099333,0.2917369308600337,0.011619316273759152,2.708731062929195
1007195,CORN,PRODUCE,1082185,TROPICAL FRUIT,PRODUCE,520,0.001880759826970096,0.29082774049217003,0.01746255624958023,2.700289374781286
840361,EGGS,GROCERY,1082185,TROPICAL FRUIT,PRODUCE,1552,0.005613344714341517,0.29074559760209817,0.05211901403720868,2.6995266910947175
1081177,TOMATOES,PRODUCE,1082185,TROPICAL FRUIT,PRODUCE,987,0.003569826825422086,0.29063604240282687,0.03314527503526093,2.698509488471461
908846,CITRUS,PRODUCE,1082185,TROPICAL FRUIT,PRODUCE,435,0.001573327932176907,0.2905811623246493,0.01460809993955269,2.6979999356628492
994928,EGGS,GROCERY,1106523,FLUID MILK PRODUCTS,GROCERY,310,0.001121222204539865,0.0953259532595326,0.03154895176063505,2.6822817892335244
834484,ONIONS,PRODUCE,1082185,TROPICAL FRUIT,PRODUCE,953,0.0034468540675048104,0.2886129618413083,0.03200349251124992,2.679725506808123
1003600,POTATOES,PRODUCE,1082185,TROPICAL FRUIT,PRODUCE,332,0.0012007928126039843,0.2881944444444444,0.011149170528578145,2.675839639256423
1004906,POTATOES,PRODUCE,1082185,TROPICAL FRUIT,PRODUCE,1036,0.0037470522706558066,0.2875381626422426,0.034790785143394454,2.669746166968158
840361,EGGS,GROCERY,1106523,FLUID MILK PRODUCTS,GROCERY,506,0.0018301239854747473,0.0947920569501686,0.05149603093832689,2.6672590142286197
883404,BAKED BREAD/BUNS/ROLLS,GROCERY,904360,VEGETABLES SALAD,PRODUCE,324,0.0011718580460352136,0.04692931633835458,0.06648881592448184,2.6626729116547563
844179,BEEF,MEAT,1106523,FLUID MILK PRODUCTS,GROCERY,372,0.0013454666454478378,0.09439228622177112,0.03785874211276206,2.656010264984751
1057260,FLUID MILK PRODUCTS,GROCERY,1082185,TROPICAL FRUIT,PRODUCE,297,0.0010742032088656124,0.2858517805582291,0.00997380616562563,2.6540883771865604
826249,BAKED BREAD/BUNS/ROLLS,GROCERY,840361,EGGS,GROCERY,282,0.0010199505215491675,0.05122615803814714,0.05282877482203072,2.653280831588437
1082185,TROPICAL FRUIT,PRODUCE,1136257,CHEESE,GROCERY,403,0.0014575888659018243,0.013533481093424676,0.2856130403968816,2.651871712710438
995242,FLUID MILK PRODUCTS,GROCERY,1004906,POTATOES,PRODUCE,433,0.0015660942405347144,0.0345239993621432,0.12017762975298363,2.649273782859506
951590,BAKED BREAD/BUNS/ROLLS,GROCERY,1082185,TROPICAL FRUIT,PRODUCE,1748,0.006322246495276399,0.28478331704138155,0.05870105446974276,2.6441678631496184
1029743,FLUID MILK PRODUCTS,GROCERY,1071939,CHEESE,GROCERY,291,0.0010525021339390344,0.020166320166320167,0.1375886524822695,2.6362481630566736
983584,FLUID MILK PRODUCTS,GROCERY,1082185,TROPICAL FRUIT,PRODUCE,512,0.0018518250604013253,0.2838137472283814,0.017193901538048225,2.635165561444415
1033142,ONIONS,PRODUCE,1082185,TROPICAL FRUIT,PRODUCE,680,0.00245945515834551,0.2832153269471054,0.022835650480220297,2.6296093241871006
849843,BAKED BREAD/BUNS/ROLLS,GROCERY,981760,EGGS,GROCERY,400,0.0014467383284385354,0.08665511265164645,0.04383081306158229,2.625328968483215
826249,BAKED BREAD/BUNS/ROLLS,GROCERY,1029743,FLUID MILK PRODUCTS,GROCERY,753,0.0027234849032855427,0.13678474114441416,0.052182952182952186,2.6208449321255864
908531,FLUID MILK PRODUCTS,GROCERY,951590,BAKED BREAD/BUNS/ROLLS,GROCERY,292,0.0010561189797601309,0.05807478122513922,0.04757249918540241,2.6159576103374707
976199,BUTTER,GROCERY,1082185,TROPICAL FRUIT,PRODUCE,384,0.0013888687953009938,0.2817314746881878,0.012895426153536168,2.615831991661257
1082185,TROPICAL FRUIT,PRODUCE,1101173,DINNER MXS:DRY,GROCERY,379,0.0013707845661955122,0.012727516958828665,0.2811572700296736,2.6105005926148253
981760,EGGS,GROCERY,995242,FLUID MILK PRODUCTS,GROCERY,1079,0.003902576640962949,0.11823361823361823,0.08603093605485569,2.606418729365628
847982,SALAD MIX,PRODUCE,1082185,TROPICAL FRUIT,PRODUCE,698,0.0025245583831252443,0.2805466237942122,0.023440123581167305,2.604830839314896
1051211,PNT BTR/JELLY/JAMS,GROCERY,1082185,TROPICAL FRUIT,PRODUCE,277,0.0010018662924436857,0.2800808897876643,0.00930216938679562,2.6005065730422654
951590,BAKED BREAD/BUNS/ROLLS,GROCERY,1127831,BERRIES,PRODUCE,304,0.001099521129613287,0.04952753339850114,0.057674065642193136,2.5979075211821647
1029743,FLUID MILK PRODUCTS,GROCERY,1055646,VEGETABLES SALAD,PRODUCE,287,0.001038034750654649,0.01988911988911989,0.1352497643732328,2.591434224044969
883404,BAKED BREAD/BUNS/ROLLS,GROCERY,916122,CHICKEN,MEAT,285,0.0010308010590124564,0.04128041714947856,0.06455266138165346,2.5851358675326006
1082185,TROPICAL FRUIT,PRODUCE,5978648, , ,798,0.002886242965234878,0.02679830747531735,0.2783397279386118,2.584340161843614
981760,EGGS,GROCERY,1082185,TROPICAL FRUIT,PRODUCE,2539,0.009183171539763602,0.2782160859083936,0.0852642890724696,2.5831921652325978
981760,EGGS,GROCERY,5569230,SOFT DRINKS,GROCERY,412,0.0014901404782916914,0.045145737453429764,0.08522962350020687,2.5821419267840455
849843,BAKED BREAD/BUNS/ROLLS,GROCERY,995242,FLUID MILK PRODUCTS,GROCERY,539,0.0019494798975709263,0.11676776429809359,0.04297560197735608,2.5741044924409273
849843,BAKED BREAD/BUNS/ROLLS,GROCERY,1133018,FLUID MILK PRODUCTS,GROCERY,314,0.0011356895878242503,0.06802426343154246,0.042925495557074506,2.5711032741772506
1029743,FLUID MILK PRODUCTS,GROCERY,5568378,BAG SNACKS,GROCERY,361,0.0013056813414157782,0.025017325017325016,0.13410104011887072,2.569424253376705
1004906,POTATOES,PRODUCE,1029743,FLUID MILK PRODUCTS,GROCERY,483,0.0017469365315895314,0.1340549542048293,0.033471933471933474,2.5685412306561353
840361,EGGS,GROCERY,951590,BAKED BREAD/BUNS/ROLLS,GROCERY,304,0.001099521129613287,0.05695016860247284,0.04952753339850114,2.565299839668638
976998,PAPER TOWELS,GROCERY,1082185,TROPICAL FRUIT,PRODUCE,432,0.0015624773947136182,0.276038338658147,0.01450735442272819,2.5629721279320004
981760,EGGS,GROCERY,1098066,BAKED BREAD/BUNS/ROLLS,GROCERY,425,0.0015371594739659437,0.046570238877931186,0.08432539682539683,2.5547472075249855
832678,CRACKERS/MISC BKD FD,GROCERY,1082185,TROPICAL FRUIT,PRODUCE,366,0.0013237655705212598,0.2749812171299775,0.012290953052589159,2.553156922458348
981760,EGGS,GROCERY,1126899,FLUID MILK PRODUCTS,GROCERY,377,0.0013635508745533196,0.04131054131054131,0.08407671721677074,2.5472131364192028
1098066,BAKED BREAD/BUNS/ROLLS,GROCERY,1106523,FLUID MILK PRODUCTS,GROCERY,456,0.0016492816944199302,0.09047619047619047,0.04640749033177285,2.5458191581130722
1043751,DELI MEATS,DELI,1082185,TROPICAL FRUIT,PRODUCE,304,0.001099521129613287,0.2711864406779661,0.010208879038216132,2.5179230258716765
849843,BAKED BREAD/BUNS/ROLLS,GROCERY,1029743,FLUID MILK PRODUCTS,GROCERY,606,0.002191808567584381,0.13128249566724437,0.041995841995842,2.51541992599185
866211,GRAPES,PRODUCE,1029743,FLUID MILK PRODUCTS,GROCERY,478,0.0017288523024840496,0.13035178620125443,0.033125433125433125,2.497587197232684
1082185,TROPICAL FRUIT,PRODUCE,5978656, , ,1312,0.004745301717278396,0.04405937269124857,0.26846736239001434,2.4926768158721444
860975,REFRGRATD JUICES/DRNKS,GROCERY,1082185,TROPICAL FRUIT,PRODUCE,321,0.0011610075085719245,0.2681704260651629,0.01077977030022164,2.4899198092618877
833025,MILK BY-PRODUCTS,GROCERY,995242,FLUID MILK PRODUCTS,GROCERY,305,0.0011031379754343831,0.11267085334318434,0.024318290543772922,2.4837895244567836
908531,FLUID MILK PRODUCTS,GROCERY,981760,EGGS,GROCERY,412,0.0014901404782916914,0.08194112967382657,0.045145737453429764,2.482512743451487
1082185,TROPICAL FRUIT,PRODUCE,1122358,REFRGRATD JUICES/DRNKS,GROCERY,338,0.0012224938875305623,0.011350661562227148,0.2665615141955836,2.4749813181157814
962229,BAKED BREAD/BUNS/ROLLS,GROCERY,1082185,TROPICAL FRUIT,PRODUCE,778,0.002813906048812951,0.2662559890485969,0.02612667069648734,2.4721445656562646
854852,TOMATOES,PRODUCE,981760,EGGS,GROCERY,335,0.0012116433500672732,0.08146887159533074,0.03670830593907517,2.468205072777057
893018,CHEESE,GROCERY,1082185,TROPICAL FRUIT,PRODUCE,534,0.0019313956684654447,0.2658038825286212,0.017932701994761234,2.467946828431839
833715,SOUP,GROCERY,1082185,TROPICAL FRUIT,PRODUCE,285,0.0010308010590124564,0.2656104380242311,0.009570824098327624,2.466150726935708
916122,CHICKEN,MEAT,1029743,FLUID MILK PRODUCTS,GROCERY,567,0.002050751580561624,0.12842582106455266,0.039293139293139295,2.4606850111719876
849843,BAKED BREAD/BUNS/ROLLS,GROCERY,1082185,TROPICAL FRUIT,PRODUCE,1223,0.0044234024392008214,0.264948006932409,0.04107058902545503,2.460000159470084
953476,PAPER TOWELS,GROCERY,1082185,TROPICAL FRUIT,PRODUCE,473,0.001710768073378568,0.2648376259798432,0.015884209819329708,2.458975289858653
961554,CARROTS,PRODUCE,995242,FLUID MILK PRODUCTS,GROCERY,536,0.0019386293601076374,0.11152725759467333,0.04273640567692553,2.4585793564667244
981760,EGGS,GROCERY,1044078,BEEF,MEAT,329,0.0011899422751406952,0.036050843743151435,0.0810744208969936,2.456254677545954
1082185,TROPICAL FRUIT,PRODUCE,1134522,BAKED SWEET GOODS,GROCERY,309,0.0011176053587187685,0.010376788232923635,0.2643284858853721,2.4542480049543696
1053690,SOFT DRINKS,GROCERY,1106523,FLUID MILK PRODUCTS,GROCERY,295,0.0010669695172234198,0.08691809074837949,0.03002238957866884,2.445701343626598
995242,FLUID MILK PRODUCTS,GROCERY,1024306,MELONS,PRODUCE,288,0.0010416515964757455,0.02296284484133312,0.11093990755007704,2.4456314303201645
914190,CHEESE,GROCERY,1082185,TROPICAL FRUIT,PRODUCE,535,0.001935012514286541,0.2621264086232239,0.017966283833702735,2.433802067357896
874972,BEEF,MEAT,1082185,TROPICAL FRUIT,PRODUCE,323,0.0011682412002141172,0.2619626926196269,0.01084693397810464,2.432281990269492
965766,CHEESE,GROCERY,1082185,TROPICAL FRUIT,PRODUCE,567,0.002050751580561624,0.26189376443418017,0.01904090267983075,2.431642003016316
951590,BAKED BREAD/BUNS/ROLLS,GROCERY,995242,FLUID MILK PRODUCTS,GROCERY,676,0.0024449877750611247,0.11013359400456174,0.05389889969701802,2.4278565304383073
856772,BAKED SWEET GOODS,GROCERY,1082185,TROPICAL FRUIT,PRODUCE,283,0.0010235673673702637,0.2598714416896235,0.009503660420444624,2.4128650575630957
899624,POTATOES,PRODUCE,1082185,TROPICAL FRUIT,PRODUCE,672,0.0024305203917767393,0.259059367771781,0.022566995768688293,2.405325080227453
981760,EGGS,GROCERY,1127831,BERRIES,PRODUCE,418,0.0015118415532182695,0.0458031996493535,0.07930184025801555,2.4025520492983974
981760,EGGS,GROCERY,1058997,FLUID MILK PRODUCTS,GROCERY,324,0.0011718580460352136,0.03550295857988166,0.0791015625,2.396484375
979707,ONIONS,PRODUCE,995242,FLUID MILK PRODUCTS,GROCERY,298,0.0010778200546867089,0.10867979576951131,0.0237601658427683,2.395808057210777
995242,FLUID MILK PRODUCTS,GROCERY,1058997,FLUID MILK PRODUCTS,GROCERY,445,0.0016094963903878704,0.035480784563865414,0.108642578125,2.3949876072645906
873627,BAKED BREAD/BUNS/ROLLS,GROCERY,1082185,TROPICAL FRUIT,PRODUCE,318,0.0011501569711086356,0.2570735650767987,0.01067902478339714,2.386887217633609
826249,BAKED BREAD/BUNS/ROLLS,GROCERY,981760,EGGS,GROCERY,432,0.0015624773947136182,0.0784741144414169,0.047337278106508875,2.3774750227066304
826249,BAKED BREAD/BUNS/ROLLS,GROCERY,1133018,FLUID MILK PRODUCTS,GROCERY,346,0.001251428654099333,0.0628519527702089,0.04730006835269993,2.3756061940831765
1029743,FLUID MILK PRODUCTS,GROCERY,8090521,SOFT DRINKS,GROCERY,314,0.0011356895878242503,0.02176022176022176,0.12386587771203156,2.373314853314853
834117,WATER - CARBONATED/FLVRD DRINK,GROCERY,1082185,TROPICAL FRUIT,PRODUCE,332,0.0012007928126039843,0.25518831667947733,0.011149170528578145,2.369382985721291
859075,CHEESE,GROCERY,1106523,FLUID MILK PRODUCTS,GROCERY,293,0.001059735825581227,0.08409873708381171,0.029818847954406678,2.3663703667698552
995242,FLUID MILK PRODUCTS,GROCERY,1098066,BAKED BREAD/BUNS/ROLLS,GROCERY,540,0.0019530967433920227,0.043055334077499605,0.10714285714285714,2.3619267831514685
878996,GRAPES,PRODUCE,995242,FLUID MILK PRODUCTS,GROCERY,387,0.001399719332764283,0.10711320232493772,0.03085632275554138,2.36127305307033
923746,EGGS,GROCERY,995242,FLUID MILK PRODUCTS,GROCERY,520,0.001880759826970096,0.10706197241095326,0.04146069207462925,2.3601437075482385
904360,VEGETABLES SALAD,PRODUCE,1106523,FLUID MILK PRODUCTS,GROCERY,405,0.001464822557544017,0.0831110199056023,0.041217178913087724,2.338577979603149
923746,EGGS,GROCERY,1082185,TROPICAL FRUIT,PRODUCE,1223,0.0044234024392008214,0.25180152357422275,0.04107058902545503,2.3379371497043255
995785,PEPPERS-ALL,PRODUCE,1133018,FLUID MILK PRODUCTS,GROCERY,319,0.0011537738169297318,0.061654425976034016,0.04360902255639098,2.330343446556089
826249,BAKED BREAD/BUNS/ROLLS,GROCERY,1106523,FLUID MILK PRODUCTS,GROCERY,455,0.001645664848598834,0.08265213442325159,0.04630571951964177,2.3256658593403516
1071939,CHEESE,GROCERY,1082185,TROPICAL FRUIT,PRODUCE,529,0.001913311439359963,0.25011820330969264,0.01776479280005373,2.3223077884302863
907014,BAKING MIXES,GROCERY,1082185,TROPICAL FRUIT,PRODUCE,339,0.0012261107333516588,0.24944812362030905,0.011384243401168647,2.316086204951223
840361,EGGS,GROCERY,1133018,FLUID MILK PRODUCTS,GROCERY,325,0.0011754748918563099,0.06088422630198576,0.04442925495557074,2.3012323205575163
995785,PEPPERS-ALL,PRODUCE,1106523,FLUID MILK PRODUCTS,GROCERY,422,0.0015263089365026548,0.08156165442597603,0.0429472827193161,2.294981931845263
1029743,FLUID MILK PRODUCTS,GROCERY,5569230,SOFT DRINKS,GROCERY,579,0.00209415373041478,0.04012474012474013,0.11977658254033927,2.2949624842053478
961554,CARROTS,PRODUCE,1029743,FLUID MILK PRODUCTS,GROCERY,575,0.0020796863471303946,0.11964211402413649,0.039847539847539845,2.2923860189777794
995242,FLUID MILK PRODUCTS,GROCERY,1068719,SUGARS/SWEETNERS,GROCERY,324,0.0011718580460352136,0.02583320044649976,0.1039461020211742,2.2914554354347256
909894,REFRGRATD JUICES/DRNKS,GROCERY,1082185,TROPICAL FRUIT,PRODUCE,570,0.002061602118024913,0.24643320363164722,0.01914164819665525,2.2880931517527148
859075,CHEESE,GROCERY,1082185,TROPICAL FRUIT,PRODUCE,858,0.003103253714500658,0.2462686567164179,0.028813217811807373,2.286565359781788
1038217,CRACKERS/MISC BKD FD,GROCERY,1082185,TROPICAL FRUIT,PRODUCE,544,0.001967564126676408,0.24593128390596744,0.018268520384176236,2.2834329068257606
844179,BEEF,MEAT,995242,FLUID MILK PRODUCTS,GROCERY,407,0.0014720562491862097,0.10327328089317432,0.032450964758411735,2.2766233291714566
826249,BAKED BREAD/BUNS/ROLLS,GROCERY,995242,FLUID MILK PRODUCTS,GROCERY,567,0.002050751580561624,0.10299727520435967,0.045208100781374584,2.270538880370131
962568,VEGETABLES - ALL OTHERS,PRODUCE,1029743,FLUID MILK PRODUCTS,GROCERY,371,0.0013418497996267416,0.1184924944107314,0.02571032571032571,2.2703588929075993
844179,BEEF,MEAT,1082185,TROPICAL FRUIT,PRODUCE,961,0.003475788834073581,0.24384673940624207,0.03227214722278192,2.2640782422592327
878996,GRAPES,PRODUCE,1029743,FLUID MILK PRODUCTS,GROCERY,425,0.0015371594739659437,0.11763077774702463,0.029452529452529453,2.25384809110245
1082185,TROPICAL FRUIT,PRODUCE,5569471,SOFT DRINKS,GROCERY,539,0.0019494798975709263,0.018100611189468735,0.24268347591175146,2.2532775254881017
908531,FLUID MILK PRODUCTS,GROCERY,1082185,TROPICAL FRUIT,PRODUCE,1220,0.0044125519017375325,0.24264120922832141,0.04096984350863053,2.2528850860461818
913785,CONDIMENTS/SAUCES,GROCERY,1082185,TROPICAL FRUIT,PRODUCE,400,0.0014467383284385354,0.2425712553062462,0.013432735576600175,2.252235574991342
1024306,MELONS,PRODUCE,1029743,FLUID MILK PRODUCTS,GROCERY,305,0.0011031379754343831,0.1174884437596302,0.021136521136521137,2.2511209206124456
1029743,FLUID MILK PRODUCTS,GROCERY,1044078,BEEF,MEAT,473,0.001710768073378568,0.032778932778932776,0.11655988171513061,2.233329337222881
994928,EGGS,GROCERY,1029743,FLUID MILK PRODUCTS,GROCERY,379,0.0013707845661955122,0.11654366543665437,0.026264726264726264,2.2330186274835726
904360,VEGETABLES SALAD,PRODUCE,1029743,FLUID MILK PRODUCTS,GROCERY,567,0.002050751580561624,0.11635542786784321,0.039293139293139295,2.2294119278317925
1029743,FLUID MILK PRODUCTS,GROCERY,1082185,TROPICAL FRUIT,PRODUCE,3447,0.012467267545319079,0.2388773388773389,0.115756598831352,2.2179381476983737
995242,FLUID MILK PRODUCTS,GROCERY,1082185,TROPICAL FRUIT,PRODUCE,2991,0.010817985850899148,0.23847871152926167,0.10044328027402781,2.2142369560902813
995242,FLUID MILK PRODUCTS,GROCERY,1065593,BATH TISSUES,GROCERY,319,0.0011537738169297318,0.02543453994578217,0.09953198127925117,2.194147688726876
844165,SOFT DRINKS,GROCERY,1029743,FLUID MILK PRODUCTS,GROCERY,346,0.001251428654099333,0.1143801652892562,0.023977823977823977,2.1915651850197304
857849,MARGARINES,GROCERY,1082185,TROPICAL FRUIT,PRODUCE,389,0.0014069530244064756,0.23575757575757575,0.01306333534824367,2.188971642681093
916122,CHICKEN,MEAT,1106523,FLUID MILK PRODUCTS,GROCERY,342,0.0012369612708149477,0.07746319365798414,0.034805617748829634,2.179659437750263
854852,TOMATOES,PRODUCE,995242,FLUID MILK PRODUCTS,GROCERY,406,0.0014684394033651134,0.09873540856031128,0.03237123265826822,2.1765875219573516
847982,SALAD MIX,PRODUCE,1029743,FLUID MILK PRODUCTS,GROCERY,282,0.0010199505215491675,0.11334405144694534,0.019542619542619544,2.1717128704266973
1029743,FLUID MILK PRODUCTS,GROCERY,1127831,BERRIES,PRODUCE,597,0.002159256955194514,0.041372141372141374,0.11326124075128059,2.170126187656068
826249,BAKED BREAD/BUNS/ROLLS,GROCERY,1082185,TROPICAL FRUIT,PRODUCE,1286,0.004651263725929891,0.23360581289736604,0.04318624487876956,2.168992866314573
1082185,TROPICAL FRUIT,PRODUCE,1098066,BAKED BREAD/BUNS/ROLLS,GROCERY,1175,0.004249793839788197,0.03945866075626301,0.23313492063492064,2.164620706455282
1082185,TROPICAL FRUIT,PRODUCE,1096036,CHEESE,GROCERY,724,0.002618596374473749,0.024313251393646314,0.23182837015690042,2.1524895928020835
845208,ONIONS,PRODUCE,1029743,FLUID MILK PRODUCTS,GROCERY,305,0.0011031379754343831,0.11204996326230712,0.021136521136521137,2.146917674470944
1029743,FLUID MILK PRODUCTS,GROCERY,1065593,BATH TISSUES,GROCERY,358,0.001294830803952489,0.02480942480942481,0.11170046801872074,2.140221219659597
866211,GRAPES,PRODUCE,1106523,FLUID MILK PRODUCTS,GROCERY,278,0.001005483138264782,0.07581128988273793,0.028292285772440463,2.133178167304998
849843,BAKED BREAD/BUNS/ROLLS,GROCERY,1106523,FLUID MILK PRODUCTS,GROCERY,349,0.0012622791915626222,0.07560658578856153,0.0355180134337472,2.127418203253068
1068719,SUGARS/SWEETNERS,GROCERY,1082185,TROPICAL FRUIT,PRODUCE,709,0.002564343687157304,0.2274623034969522,0.023809523809523808,2.111951357379654
904360,VEGETABLES SALAD,PRODUCE,995242,FLUID MILK PRODUCTS,GROCERY,466,0.0016854501526308936,0.0956289759901498,0.03715515866687929,2.108107303273846
994928,EGGS,GROCERY,1082185,TROPICAL FRUIT,PRODUCE,736,0.002661998524326905,0.22632226322263221,0.02471623346094432,2.101366264518982
866211,GRAPES,PRODUCE,995242,FLUID MILK PRODUCTS,GROCERY,349,0.0012622791915626222,0.09517316607581129,0.027826502950087706,2.0980591332566267
916122,CHICKEN,MEAT,995242,FLUID MILK PRODUCTS,GROCERY,420,0.0015190752448604621,0.09513023782559456,0.03348748206027747,2.097112795006513
962568,VEGETABLES - ALL OTHERS,PRODUCE,995242,FLUID MILK PRODUCTS,GROCERY,297,0.0010742032088656124,0.0948578728840626,0.023680433742624782,2.0911086052046852
1082185,TROPICAL FRUIT,PRODUCE,9527290,BAG SNACKS,GROCERY,298,0.0010778200546867089,0.01000738800456713,0.22422874341610233,2.081928265654431
987562,CHEESE,GROCERY,1082185,TROPICAL FRUIT,PRODUCE,428,0.0015480100114292328,0.22384937238493724,0.014373027066962188,2.0784058658901534
1082185,TROPICAL FRUIT,PRODUCE,9526410,BAG SNACKS,GROCERY,397,0.0014358877909752463,0.013331990059775674,0.2237880496054115,2.077836493622896
995242,FLUID MILK PRODUCTS,GROCERY,1044078,BEEF,MEAT,381,0.001378018257837705,0.030377930154680273,0.09388861508132085,2.069741656206659
854852,TOMATOES,PRODUCE,1106523,FLUID MILK PRODUCTS,GROCERY,298,0.0010778200546867089,0.07247081712062257,0.03032770201506208,2.039183940645045
870547,MARGARINES,GROCERY,1082185,TROPICAL FRUIT,PRODUCE,279,0.0010090999840858784,0.21779859484777517,0.009369333064678622,2.0222253575758034
844165,SOFT DRINKS,GROCERY,995242,FLUID MILK PRODUCTS,GROCERY,277,0.0010018662924436857,0.0915702479338843,0.022085791739754425,2.018634063925376
1029743,FLUID MILK PRODUCTS,GROCERY,1053690,SOFT DRINKS,GROCERY,355,0.0012839802664892002,0.0246015246015246,0.10459634649381261,2.004103691198565
1082185,TROPICAL FRUIT,PRODUCE,1106523,FLUID MILK PRODUCTS,GROCERY,2110,0.007631544682513274,0.07085768016656592,0.2147364135965805,1.9937934910617554
995242,FLUID MILK PRODUCTS,GROCERY,5978656, , ,439,0.0015877953154612924,0.03500239196300431,0.08983016165336608,1.980274470943172
833025,MILK BY-PRODUCTS,GROCERY,1082185,TROPICAL FRUIT,PRODUCE,577,0.002086920038772587,0.21315108976727004,0.01937672106924575,1.9790740111227714
860776,VEGETABLES - ALL OTHERS,PRODUCE,995242,FLUID MILK PRODUCTS,GROCERY,439,0.0015877953154612924,0.08951876019575856,0.03500239196300431,1.9734097348081736
995785,PEPPERS-ALL,PRODUCE,1029743,FLUID MILK PRODUCTS,GROCERY,527,0.0019060777477177702,0.10185543100115964,0.03652113652113652,1.9515867626420393
883404,BAKED BREAD/BUNS/ROLLS,GROCERY,1082185,TROPICAL FRUIT,PRODUCE,1449,0.0052408095947685945,0.20987833140208575,0.04866008462623413,1.9486869695538411
871756,SALD DRSNG/SNDWCH SPRD,GROCERY,1082185,TROPICAL FRUIT,PRODUCE,290,0.0010488852881179382,0.2087832973362131,0.009738733293035127,1.9385197521897222
1029743,FLUID MILK PRODUCTS,GROCERY,5978648, , ,287,0.001038034750654649,0.01988911988911989,0.10010463899546565,1.9180409568969041
981760,EGGS,GROCERY,5978656, , ,308,0.0011139885128976723,0.03374972605741836,0.063024350317168,1.909404391090497
1082185,TROPICAL FRUIT,PRODUCE,5568378,BAG SNACKS,GROCERY,553,0.002000115739066275,0.01857075693464974,0.20542347696879643,1.9073243537591749
860776,VEGETABLES - ALL OTHERS,PRODUCE,1029743,FLUID MILK PRODUCTS,GROCERY,485,0.0017541702232317241,0.09889885807504079,0.03361053361053361,1.894937759945917
1044078,BEEF,MEAT,1082185,TROPICAL FRUIT,PRODUCE,823,0.0029766641107622865,0.2028092656481025,0.02763785344885486,1.8830518168933434
1082185,TROPICAL FRUIT,PRODUCE,5569230,SOFT DRINKS,GROCERY,976,0.003530041521390026,0.03277587480690443,0.20190318576748034,1.8746390091253957
995242,FLUID MILK PRODUCTS,GROCERY,5569230,SOFT DRINKS,GROCERY,409,0.0014792899408284023,0.03261042895869877,0.08460901944559371,1.865176218497491
1029743,FLUID MILK PRODUCTS,GROCERY,5978656, , ,475,0.0017180017650207607,0.03291753291753292,0.09719664415797012,1.862322727884422
995242,FLUID MILK PRODUCTS,GROCERY,995785,PEPPERS-ALL,PRODUCE,433,0.0015660942405347144,0.0345239993621432,0.0836876691148048,1.8448653729499036
1082185,TROPICAL FRUIT,PRODUCE,1133018,FLUID MILK PRODUCTS,GROCERY,1422,0.005143154757598993,0.04775337497481362,0.19439507860560493,1.8049274267308772
860776,VEGETABLES - ALL OTHERS,PRODUCE,1106523,FLUID MILK PRODUCTS,GROCERY,313,0.0011320727420031538,0.06382544861337683,0.03185426419702829,1.7959205510300102
1029743,FLUID MILK PRODUCTS,GROCERY,1081177,TOMATOES,PRODUCE,316,0.001142923279466443,0.021898821898821898,0.09305064782096584,1.782883944014686
834484,ONIONS,PRODUCE,1029743,FLUID MILK PRODUCTS,GROCERY,304,0.001099521129613287,0.09206541490006057,0.021067221067221066,1.7640065262112505
1043590,SHORTENING/OIL,GROCERY,1082185,TROPICAL FRUIT,PRODUCE,311,0.0011248390503609612,0.18951858622790982,0.010443951910806637,1.7596499695962593
1062966,HOT DOGS,MEAT-PCKGD,1082185,TROPICAL FRUIT,PRODUCE,293,0.001059735825581227,0.18939883645765998,0.009839478809859628,1.7585381120007946
995242,FLUID MILK PRODUCTS,GROCERY,1127831,BERRIES,PRODUCE,411,0.001486523632470595,0.032769893158985805,0.07797381900967558,1.7189055473665398
995242,FLUID MILK PRODUCTS,GROCERY,1133018,FLUID MILK PRODUCTS,GROCERY,556,0.002010966276529564,0.044331047679795885,0.0760082023239918,1.6755742155434974
854852,TOMATOES,PRODUCE,1029743,FLUID MILK PRODUCTS,GROCERY,352,0.001273129729025911,0.08560311284046693,0.024393624393624393,1.6401864899919374
1065593,BATH TISSUES,GROCERY,1082185,TROPICAL FRUIT,PRODUCE,536,0.0019386293601076374,0.1672386895475819,0.017999865672644232,1.5527846679049513
1082185,TROPICAL FRUIT,PRODUCE,8090521,SOFT DRINKS,GROCERY,423,0.001529925782323751,0.014205117872254685,0.1668639053254438,1.5493048559339107
1106523,FLUID MILK PRODUCTS,GROCERY,1127831,BERRIES,PRODUCE,282,0.0010199505215491675,0.028699369020964788,0.053500284575981785,1.5053910727361843
866227,BREAKFAST SWEETS,PASTRY,1082185,TROPICAL FRUIT,PRODUCE,476,0.001721618610841857,0.15994623655913978,0.015984955336154207,1.4850754002557998
1005186,SALAD BAR,SALAD BAR,1082185,TROPICAL FRUIT,PRODUCE,738,0.0026692322159690978,0.15860735009671179,0.024783397138827323,1.472644052123691
908531,FLUID MILK PRODUCTS,GROCERY,1029743,FLUID MILK PRODUCTS,GROCERY,366,0.0013237655705212598,0.07279236276849642,0.025363825363825365,1.39472790212647
1029743,FLUID MILK PRODUCTS,GROCERY,1126899,FLUID MILK PRODUCTS,GROCERY,320,0.0011573906627508283,0.022176022176022176,0.07136485280999108,1.3673762969035048
1082185,TROPICAL FRUIT,PRODUCE,8090537,SOFT DRINKS,GROCERY,330,0.0011935591209617917,0.011082006850695145,0.14347826086956522,1.3321728617859112
999971,BAKED BREAD/BUNS/ROLLS,GROCERY,1082185,TROPICAL FRUIT,PRODUCE,296,0.0010705863630445162,0.13357400722021662,0.009940224326684129,1.2402134398641405
986912,PREPARED FOOD,DELI,1082185,TROPICAL FRUIT,PRODUCE,430,0.0015552437030714255,0.13349891338093758,0.014440190744845188,1.2395162054944975
